Localiza&Co - Resumo Comercial 2025,,
Indicador,Valor,Unidade / Detalhes
Receita Líquida Total,41781.6,R$ milhões
Receita Aluguéis (RAC + GF),19598.0,R$ milhões
Receita Seminovos,22183.6,R$ milhões
EBITDA Consolidado,13753.4,R$ milhões
Lucro Líquido,1870.5,R$ milhões
Frota Total Brasil,655716,"veículos (RAC: 352.032, GF: 303.684)"
Veículos Vendidos Seminovos (Brasil),296452,unidades
Agências RAC,691,"517 próprias BR, 75 franq. BR, 29 MX, 70 ext."
Lojas Seminovos,268,"263 Brasil, 5 México"
Idade média frota RAC,10.5,meses
Idade média frota GF,20.1,meses
Telemetria conectada,91%,
Frota Flex,93.8%,
Eletrificados,6567,veículos
Contratos Retirada Digital FAST,"> 1,1 milhão",contratos